Category,Orders,Revenue,Profit,Avg_Order_Value,On_Time_Pct,Profit_Margin,Units_Sold,Avg_Discount
Fishing,17325,6929653.69,756220.77,399.98,42.7,10.91,17325,10.17
Cleats,24551,4431942.78,494636.92,180.52,42.7,11.19,73734,10.16
Camping & Hiking,13729,4118425.57,427455.57,299.98,43.1,10.38,13729,10.17
Cardio Equipment,12487,3694843.2,383011.1,295.9,43.1,10.62,37587,10.17
Women's Apparel,21035,3147800.0,350421.03,149.65,42.9,11.0,62956,10.17
Water Sports,15540,3113844.68,325146.96,200.38,42.8,10.45,15540,10.17
Men's Footwear,22246,2891757.66,311902.82,129.99,43.1,10.79,22246,10.17
Indoor/Outdoor Games,19298,2888993.91,318451.43,149.7,42.8,11.13,57803,10.15
Shop By Sport,10984,1309522.04,129813.96,119.22,42.4,10.09,32726,10.14
Computers,442,663000.0,69656.81,1500.0,47.3,10.51,442,10.22
Electronics,3156,371034.64,40891.38,117.56,41.5,11.16,9436,10.18
Cameras ,592,267607.69,30289.8,452.04,38.0,11.32,592,10.16
Garden,484,257768.73,33443.01,532.58,43.0,12.97,484,10.12
Children's Clothing,652,232829.2,27178.1,357.1,43.4,11.67,652,10.15
Crafts,484,223356.33,25531.17,461.48,40.5,11.43,484,10.17
Girls' Apparel,1201,151706.2,17288.57,126.32,41.4,10.64,3615,10.19
Women's Clothing,650,140283.0,19102.85,215.82,41.4,13.62,650,10.2
Accessories,1780,133671.51,16643.52,75.1,40.8,11.96,5349,10.38
Sporting Goods,357,117006.75,12518.61,327.75,40.1,10.7,357,10.24
Golf Gloves,1070,116695.39,12975.49,109.06,41.6,11.36,2961,10.23
Music,434,113122.1,14436.32,260.65,40.6,12.76,434,10.14
Consumer Electronics,431,108991.28,13223.4,252.88,40.8,12.13,431,10.17
Golf Shoes,524,107998.0,12406.07,206.1,42.2,10.84,1444,10.56
Health and Beauty,362,106080.48,9493.63,293.04,41.4,8.95,362,10.14
Kids' Golf Clubs,384,98797.58,9045.84,257.29,41.7,9.56,645,9.67
Baseball & Softball,632,94057.15,12762.13,148.82,43.5,12.34,1785,10.29
Boxing & MMA,423,85205.41,8641.37,201.43,40.7,10.06,1265,10.37
DVDs,483,79395.54,6655.43,164.38,43.7,8.38,483,10.2
Golf Balls,1475,77098.16,8342.67,52.27,42.6,10.64,4384,10.1
Trade-In,974,68721.78,7915.37,70.56,41.6,11.31,2822,10.24
Hunting & Shooting,440,56848.42,5980.0,129.2,41.6,8.25,1239,10.47
Strength Training,111,54895.53,332.31,494.55,40.5,5.13,111,10.5
Hockey,614,48360.73,5397.43,78.76,44.3,11.52,1711,10.06
Men's Golf Clubs,283,47035.8,5517.99,166.2,50.2,13.17,420,9.91
Tennis & Racquet,328,44585.09,5747.98,135.93,42.1,12.25,991,10.23
Women's Golf Clubs,181,44545.97,5028.64,246.11,43.1,12.93,403,10.17
Men's Clothing,208,43856.8,2006.04,210.85,43.3,4.57,208,10.27
Pet Supplies,492,41524.8,3589.26,84.4,38.6,8.64,492,10.16
Lacrosse,343,39464.79,4364.29,115.06,37.9,11.62,1021,10.23
Fitness Accessories,309,35601.44,5258.39,115.22,40.5,13.56,856,10.26
Golf Apparel,441,34969.75,3496.31,79.3,46.7,9.41,1025,10.0
Video Games,838,33310.5,2717.52,39.75,43.7,8.16,838,10.21
Basketball,67,27099.33,1845.67,404.47,40.3,9.77,67,9.9
Soccer,138,26477.05,3901.95,191.86,44.2,13.1,295,9.61
As Seen on  TV!,68,20597.94,714.43,302.91,41.2,5.5,206,10.94
Books ,405,12587.4,883.01,31.08,42.5,7.02,405,10.23
Baby ,207,12229.56,1525.03,59.08,45.4,12.47,207,10.43
Golf Bags & Carts,61,10369.39,1810.07,169.99,31.1,17.46,61,9.34
Toys,529,6104.66,900.71,11.54,41.6,14.75,529,10.17
CDs ,271,3059.59,383.85,11.29,45.8,12.55,271,10.15
