Order_Year,Order_Month,Revenue,Orders,Profit,On_Time_Pct,Avg_Delay_Days,Units_Sold,Avg_Discount,YearMonth
2015,1,1051590.08,5322,111660.74,44.1,-0.54,11854,10.11,2015-01
2015,2,927009.9,4729,99140.66,42.1,-0.6,10438,10.16,2015-02
2015,3,1051253.69,5362,113778.21,42.8,-0.57,12062,10.18,2015-03
2015,4,1014463.28,5126,108083.68,43.6,-0.55,11287,10.19,2015-04
2015,5,1050478.44,5357,112147.9,41.9,-0.56,11902,10.12,2015-05
2015,6,1024006.17,5134,110147.16,43.7,-0.54,11203,10.15,2015-06
2015,7,1038081.19,5299,115624.06,42.4,-0.57,11800,10.15,2015-07
2015,8,1029494.69,5273,117979.77,41.9,-0.6,11612,10.21,2015-08
2015,9,1018338.6,5140,113467.94,41.1,-0.58,11366,10.24,2015-09
2015,10,1049154.27,5302,101757.87,42.9,-0.54,11703,10.1,2015-10
2015,11,1029120.24,5235,104427.36,43.6,-0.56,11463,10.16,2015-11
2015,12,1057840.88,5371,110641.55,42.7,-0.57,11790,10.22,2015-12
2016,1,1046308.25,5317,106780.95,42.1,-0.6,11597,10.14,2016-01
2016,2,968542.85,4894,86809.49,43.7,-0.55,10765,10.18,2016-02
2016,3,1025853.12,5210,101259.99,42.2,-0.56,11349,10.18,2016-03
2016,4,1001211.58,5097,114976.62,42.8,-0.58,11208,10.15,2016-04
2016,5,1029400.2,5302,110716.12,42.0,-0.59,11603,10.13,2016-05
2016,6,1003059.55,5054,104196.07,41.1,-0.64,11008,10.15,2016-06
2016,7,1045715.62,5305,119941.72,44.8,-0.53,11652,10.19,2016-07
2016,8,1048200.25,5334,110729.54,43.0,-0.52,11683,10.15,2016-08
2016,9,1002397.04,5160,123384.71,43.2,-0.57,11284,10.19,2016-09
2016,10,1048130.55,5398,116781.97,43.1,-0.57,11936,10.15,2016-10
2016,11,1047590.14,5210,109539.2,43.1,-0.58,11493,10.18,2016-11
2016,12,1037408.17,5269,105002.69,41.4,-0.55,11774,10.21,2016-12
2017,1,1029698.02,5217,114843.85,44.0,-0.54,11605,10.14,2017-01
2017,2,992534.9,4906,115111.07,42.5,-0.59,11070,10.15,2017-02
2017,3,1048004.78,5347,118688.9,42.2,-0.56,11676,10.12,2017-03
2017,4,1038321.62,5212,115961.06,43.5,-0.57,11189,10.23,2017-04
2017,5,1105485.32,5317,115014.64,43.2,-0.54,11033,10.2,2017-05
2017,6,1032086.49,4951,110399.29,44.0,-0.52,10194,10.13,2017-06
2017,7,1104373.36,5318,113026.7,41.7,-0.58,11091,10.19,2017-07
2017,8,1109337.17,5305,131501.16,41.4,-0.61,11095,10.2,2017-08
2017,9,1143775.11,5189,122462.39,42.7,-0.53,10502,10.14,2017-09
2017,10,1073994.17,2255,113447.17,43.9,-0.54,2490,10.06,2017-10
2017,11,626914.38,2055,67791.25,42.2,-0.58,2055,10.15,2017-11
2017,12,503910.82,2124,65837.63,41.9,-0.58,2124,10.19,2017-12
2018,1,331650.12,2123,33841.89,41.3,-0.61,2123,10.22,2018-01
