State,Orders,Avg_Delivery_Days,Median_Delivery_Days,P90_Delivery_Days
SP,40495,8.76,7.21,15.77
RJ,12353,15.31,12.04,29.09
MG,11355,12.01,10.31,20.2
RS,5344,15.3,13.18,25.88
PR,4923,11.99,10.43,20.12
SC,3547,14.96,13.02,25.82
BA,3256,19.34,16.91,31.81
DF,2080,12.97,11.36,21.64
ES,1995,15.79,13.64,25.35
GO,1957,15.61,13.95,24.84
PE,1593,18.45,15.7,30.91
CE,1279,21.27,18.21,34.72
PA,946,23.77,21.08,39.23
MT,886,18.06,16.11,27.76
MA,717,21.57,19.19,34.32
MS,701,15.62,13.94,24.65
PB,517,20.43,18.15,34.95
PI,476,19.46,16.29,30.07
RN,474,19.28,16.06,32.94
AL,397,24.54,22.33,39.45
SE,335,21.52,18.01,35.46
TO,274,17.66,15.87,27.95
RO,243,19.37,17.58,29.53
AM,145,26.43,25.88,39.13
AC,80,21.04,18.36,31.08
AP,67,27.19,24.35,34.66
RR,41,29.39,25.01,53.19
