Market,Region,Orders,Revenue,Profit,On_Time_Pct,Avg_Delay
Europe,Western Europe,27109,5894380.77,625446.08,41.5,-0.6
LATAM,Central America,28341,5665712.1,616341.57,42.8,-0.56
LATAM,South America,14935,2960881.41,335154.4,42.8,-0.56
Europe,Northern Europe,9792,2155830.65,233450.6,43.6,-0.55
Europe,Southern Europe,9431,2047918.82,230829.23,43.3,-0.52
Pacific Asia,Oceania,10148,2016654.2,201478.02,43.9,-0.56
Pacific Asia,Southeast Asia,9539,1932495.57,211342.82,42.0,-0.56
LATAM,Caribbean,8318,1651019.33,171825.64,44.1,-0.55
USCA,West of USA ,7993,1571415.96,164940.66,43.4,-0.56
Pacific Asia,South Asia,7731,1553680.92,165703.9,41.5,-0.6
Pacific Asia,Eastern Asia,7280,1486401.34,147368.01,43.3,-0.57
USCA,East of USA,6915,1371111.99,156263.3,42.0,-0.58
Pacific Asia,West Asia,6009,1174671.78,118815.41,42.5,-0.57
USCA,US Center ,5887,1151355.77,131094.23,42.9,-0.59
USCA,South of  USA ,4045,785783.95,88114.88,41.9,-0.58
Europe,Eastern Europe,3920,774266.57,79717.05,42.6,-0.58
Africa,West Africa,3696,727951.19,80030.27,45.0,-0.55
Africa,North Africa,3232,634752.22,64599.86,43.3,-0.55
Africa,East Africa,1852,376234.9,43167.73,42.5,-0.57
Africa,Central Africa,1677,327263.02,33447.27,39.3,-0.64
Africa,Southern Africa,1157,228251.59,30826.05,43.7,-0.48
USCA,Canada,959,186861.04,23900.71,48.1,-0.39
Pacific Asia,Central Asia,553,109839.93,13045.28,42.9,-0.65
