Product_Code,ABC,avg_daily_demand,base_avg_overstock,base_stockout_prob,base_avg_shortfall,opt_avg_overstock,opt_stockout_prob,opt_avg_shortfall,overstock_reduction_pct,stockout_reduction_pct
Product_1359,A,383501.62,526980.32,0.4363,369476.06,1951902.71,0.0439,22464.61,-270.39,89.94
Product_1248,A,240330.01,306523.54,0.5385,418078.59,1487999.24,0.0605,26639.85,-385.44,88.77
Product_0083,A,151547.48,165849.4,0.6295,429965.07,1127403.31,0.068,27753.97,-579.78,89.2
Product_1341,A,112584.22,141115.24,0.5738,243673.69,762834.42,0.0683,17025.59,-440.58,88.1
Product_1295,A,101317.17,152630.52,0.4174,85296.52,504245.3,0.0408,5516.7,-230.37,90.23
Product_1241,A,58432.26,75163.03,0.586,134845.87,407979.09,0.0689,9490.68,-442.79,88.24
Product_1245,A,228558.5,277936.21,0.5696,488494.07,1554208.26,0.0614,31109.58,-459.2,89.22
Product_1286,A,83387.85,126491.11,0.4261,73257.23,420987.83,0.0411,4376.09,-232.82,90.35
Product_1432,A,50314.18,34571.47,0.816,446198.75,629785.18,0.1043,29339.21,-1721.69,87.22
Product_1274,A,76974.3,116858.77,0.4435,76056.08,401718.21,0.0433,4234.72,-243.76,90.24
Product_1451,A,77646.66,117988.15,0.4467,81587.14,417462.07,0.0476,5447.19,-253.82,89.34
Product_1287,A,73077.1,112551.48,0.438,69172.14,385383.29,0.0393,3949.83,-242.41,91.03
Product_1378,A,68495.25,110685.97,0.4138,59175.75,350402.76,0.0415,3591.56,-216.57,89.97
Product_1382,A,67345.59,105640.28,0.4269,59356.15,345019.68,0.039,3188.86,-226.6,90.86
Product_1264,A,37646.48,44867.64,0.651,123116.29,298543.02,0.0812,8941.08,-565.39,87.53
Product_1294,A,64466.83,102384.19,0.418,56671.46,329337.79,0.0425,3408.26,-221.67,89.83
Product_1480,A,58129.2,51019.36,0.749,345260.44,601386.52,0.0944,23647.02,-1078.74,87.4
Product_1350,A,44724.78,62720.01,0.5581,90700.42,306534.64,0.062,6031.44,-388.73,88.89
Product_1016,A,50224.44,53293.99,0.687,199627.63,427876.63,0.084,13888.44,-702.86,87.77
Product_1453,A,58124.07,92123.97,0.4251,53331.26,302265.25,0.0442,3468.33,-228.11,89.6
Product_1342,A,54695.31,45567.86,0.7638,342223.54,571509.68,0.1001,25157.17,-1154.19,86.89
Product_1360,A,51954.47,78577.13,0.5034,77564.91,319135.51,0.0557,5610.0,-306.14,88.94
Product_1377,A,46394.23,74980.57,0.4287,42576.95,238460.62,0.0431,2698.33,-218.03,89.95
Product_1570,A,43297.91,61264.5,0.5562,85557.53,290565.27,0.0602,5802.64,-374.28,89.18
Product_1278,A,29952.54,38136.67,0.6344,90995.9,232334.88,0.0797,6756.97,-509.22,87.44
Product_1393,A,28893.84,34327.96,0.6688,104304.45,239966.44,0.0802,7215.76,-599.04,88.01
Product_1574,A,123119.18,168053.78,0.5061,183017.3,740685.86,0.0555,12619.54,-340.74,89.03
Product_1152,A,213285.71,280570.85,0.5247,352179.77,1306349.22,0.0587,23179.8,-365.6,88.81
Product_1431,A,37571.91,55229.43,0.5437,67399.16,244117.07,0.0583,4460.88,-342.01,89.28
Product_0033,A,20756.97,28354.89,0.6271,59953.85,158764.13,0.0762,4248.65,-459.92,87.85
Product_1263,A,40701.75,48681.79,0.637,123836.24,317030.22,0.076,8324.92,-551.23,88.07
Product_1403,A,20588.46,28764.8,0.616,54810.23,153652.14,0.0745,4147.92,-434.17,87.91
Product_1567,A,102495.65,131767.54,0.5537,201051.67,671630.44,0.0642,13794.63,-409.71,88.41
Product_1157,A,70380.76,106732.08,0.4798,92771.45,413230.38,0.0527,6627.07,-287.17,89.02
Product_1394,A,28314.01,32832.42,0.6703,99765.13,232868.58,0.0823,6871.31,-609.26,87.72
Product_1502,A,28435.38,38992.69,0.5981,70346.71,209062.96,0.0669,4460.78,-436.16,88.81
Product_1825,A,17243.95,25052.12,0.6103,46260.78,132955.99,0.067,2902.32,-430.72,89.02
Product_1361,A,42518.85,66080.93,0.4886,56912.16,251630.58,0.0504,3854.94,-280.79,89.68
Product_1356,A,16894.11,24440.9,0.6121,45134.42,128150.63,0.0723,3111.02,-424.33,88.19
Product_1381,A,20602.98,37724.37,0.4498,21014.31,112961.51,0.0475,1419.16,-199.44,89.44
Product_1554,A,20880.1,36787.52,0.4659,24472.73,121378.52,0.0486,1535.2,-229.94,89.57
Product_1281,A,30202.63,35541.8,0.6695,108137.43,255726.06,0.0759,7190.01,-619.51,88.66
Product_0936,A,19278.97,27295.52,0.6132,50842.59,146033.69,0.0691,3421.61,-435.01,88.73
Product_1452,A,18400.0,34604.89,0.4359,18135.14,101489.15,0.046,1117.55,-193.28,89.45
Product_1526,A,29850.14,47999.07,0.5099,45444.34,184386.1,0.0587,3352.69,-284.15,88.49
Product_1904,A,30967.88,35119.62,0.6788,117282.7,264380.09,0.0819,8038.63,-652.8,87.93
Product_1166,A,161346.15,222357.71,0.486,208454.82,912008.35,0.0528,14383.11,-310.15,89.14
Product_1470,A,9261.84,11123.7,0.733,47256.12,91925.17,0.0924,3182.38,-726.39,87.39
Product_1456,A,17040.87,32732.96,0.4406,17512.53,97706.08,0.0453,1045.75,-198.49,89.72
Product_1970,A,12411.34,21726.87,0.546,23599.21,84568.63,0.0665,1777.29,-289.24,87.82
Product_0094,A,49649.2,61438.76,0.6173,131669.36,363058.09,0.0686,8679.1,-490.93,88.89
Product_1355,A,15423.74,23587.13,0.5983,37383.8,114531.05,0.0662,2348.04,-385.57,88.94
Product_1410,A,8593.65,15457.03,0.5702,18490.14,61593.14,0.0662,1245.21,-298.48,88.39
Product_1886,A,9325.81,10595.12,0.7462,52107.87,95883.72,0.0957,3680.04,-804.98,87.18
Product_1250,A,8640.99,15845.55,0.5611,17413.4,61734.62,0.0619,1121.86,-289.6,88.97
Product_1234,A,31318.27,46442.92,0.5494,59431.75,208829.59,0.0606,4006.06,-349.65,88.97
Product_0071,A,22693.11,21266.94,0.7571,138826.16,237075.2,0.0999,9938.14,-1014.76,86.8
Product_1521,A,11177.67,19314.39,0.561,22977.74,79764.22,0.0668,1645.03,-312.98,88.09
Product_0064,A,17993.65,25354.02,0.6214,50036.77,137085.71,0.0719,3407.9,-440.69,88.43
Product_0931,A,25699.82,44669.38,0.4565,29056.61,145772.94,0.0494,1974.7,-226.34,89.18
Product_1158,A,21735.25,33562.77,0.5583,44566.63,149353.88,0.066,2867.44,-345.0,88.18
Product_1439,A,11192.56,18625.33,0.5866,25501.07,82215.8,0.0641,1662.34,-341.42,89.07
Product_1520,A,12464.02,17600.63,0.6529,40202.98,101865.63,0.0776,2683.26,-478.76,88.11
Product_1156,A,39244.19,64293.86,0.4597,43741.51,219094.96,0.0478,2749.43,-240.77,89.6
Product_1555,A,12570.21,22054.3,0.5396,22951.3,85017.98,0.0601,1537.24,-285.49,88.86
Product_1242,A,18094.21,20287.57,0.7155,84833.54,169234.77,0.0866,5733.08,-734.18,87.9
Product_1279,A,19626.28,21317.93,0.716,92575.73,182137.95,0.0913,6758.68,-754.39,87.25
Product_1290,A,23029.88,40339.78,0.4612,25416.22,131570.63,0.0455,1588.55,-226.16,90.13
Product_1839,A,13029.85,18445.21,0.6474,42468.42,106932.4,0.0776,2930.41,-479.73,88.01
Product_1262,A,11147.83,19786.71,0.5495,21082.7,75921.39,0.0623,1435.35,-283.7,88.66
Product_1465,A,11794.2,8283.66,0.8536,140703.25,179987.83,0.1134,9391.86,-2072.81,86.72
Product_1149,A,30617.13,45091.97,0.5639,62530.02,206772.5,0.0662,4480.34,-358.56,88.26
Product_1159,A,40704.7,59072.11,0.5482,77498.31,268596.18,0.0625,5301.5,-354.69,88.6
Product_1151,A,38003.19,60959.97,0.4854,50134.8,225573.27,0.0534,3450.22,-270.04,89.0
Product_1512,A,8459.17,16353.32,0.5399,15637.59,59410.77,0.0633,1171.65,-263.29,88.28
Product_0063,A,20323.63,34710.79,0.4995,28452.27,123467.09,0.0506,1804.24,-255.7,89.87
Product_1216,A,10317.39,17830.07,0.5759,22193.77,75267.95,0.0636,1456.95,-322.14,88.96
Product_1479,A,10857.14,19594.31,0.5411,19060.41,72759.63,0.0573,1295.62,-271.33,89.41
Product_1018,A,28181.6,36932.15,0.6234,76825.81,213420.97,0.0676,5091.7,-477.87,89.16
Product_1496,A,6910.04,11538.63,0.6377,21455.6,58374.51,0.074,1375.72,-405.91,88.4
Product_1316,A,10071.17,18419.43,0.5412,17709.05,67435.91,0.0591,1146.09,-266.11,89.08
Product_0084,A,106561.9,155386.08,0.4656,122073.4,590116.11,0.0493,7579.32,-279.77,89.41
Product_0933,A,24183.01,42385.68,0.4656,27751.96,139743.04,0.0484,1759.96,-229.69,89.6
Product_1396,A,44950.62,60023.33,0.5859,103205.44,313914.01,0.0691,7172.69,-422.99,88.21
Product_1430,A,9421.99,12722.7,0.6896,38414.24,85110.05,0.0852,2565.68,-568.96,87.65
Product_1581,B,8891.56,15485.76,0.5883,20968.42,65973.55,0.0731,1555.97,-326.03,87.57
Product_1267,B,27665.8,38469.13,0.5871,66030.87,197316.0,0.0701,4629.99,-412.92,88.06
Product_0082,B,21208.16,35197.47,0.5135,32325.55,133422.91,0.0549,2115.15,-279.07,89.31
Product_1195,B,12172.87,16443.46,0.6693,43182.0,103703.43,0.0803,3146.56,-530.67,88.0
Product_1150,B,27561.98,43556.66,0.5247,43443.15,172886.88,0.0523,2834.73,-296.92,90.03
Product_0066,B,44418.18,57248.76,0.6075,114821.07,323338.31,0.0729,8670.88,-464.8,88.0
Product_1282,B,24582.28,44410.53,0.4345,23408.75,131777.77,0.0451,1502.03,-196.73,89.62
Product_1246,B,10431.03,17123.08,0.5973,25510.95,78243.89,0.0676,1793.61,-356.95,88.68
Product_1315,B,8833.55,16445.31,0.556,17370.05,61928.54,0.0663,1231.0,-276.57,88.08
Product_1237,B,49926.7,78131.83,0.4675,59125.66,284419.61,0.0493,3833.32,-264.03,89.45
Product_1513,B,5335.22,10815.57,0.5741,11872.83,40310.01,0.0655,766.88,-272.7,88.59
Product_1233,B,30075.16,44817.22,0.5587,59403.14,205375.21,0.0606,4186.87,-358.25,89.15
Product_1135,B,11218.2,21124.02,0.517,17461.7,72669.18,0.0582,1182.99,-244.01,88.74
Product_0002,B,25031.16,34237.81,0.617,68687.76,189994.45,0.0731,4668.38,-454.93,88.15
Product_1450,B,8334.91,15311.09,0.5674,17531.59,59699.56,0.0691,1268.9,-289.91,87.82
Product_0065,B,17478.96,27315.72,0.5728,39279.42,124483.97,0.0678,2691.5,-355.72,88.16
Product_1269,B,21691.52,38230.84,0.4814,27959.57,130634.66,0.0503,1855.72,-241.7,89.55
Product_1388,B,5843.02,9873.82,0.6456,18510.43,49185.74,0.0734,1271.21,-398.14,88.63
Product_1463,B,7020.02,16103.48,0.4451,7043.11,40661.14,0.0463,447.56,-152.5,89.6
Product_1823,B,11321.32,23150.26,0.4492,11476.01,64701.13,0.0444,683.41,-179.48,90.12
Product_0070,B,15281.63,25311.12,0.5618,30181.28,104706.25,0.0647,2097.9,-313.68,88.48
Product_0979,B,3660.76,7795.92,0.603,9233.57,29464.83,0.0676,622.2,-277.95,88.79
Product_0085,B,16215.42,29574.72,0.4887,22207.57,99828.36,0.055,1487.08,-237.55,88.75
Product_1418,B,7571.35,12916.16,0.6118,20520.56,60054.96,0.0727,1417.45,-364.96,88.12
Product_1817,B,16279.76,19582.96,0.6991,70944.61,149358.95,0.0853,4924.91,-662.7,87.8
Product_0980,B,7992.3,10174.26,0.7191,37955.5,77523.77,0.0875,2601.5,-661.96,87.83
Product_1247,B,13747.37,22120.3,0.5788,30976.58,98527.73,0.0694,2239.35,-345.42,88.01
Product_1375,B,11655.91,21496.5,0.5265,19121.81,76247.74,0.0602,1396.72,-254.7,88.57
Product_1824,B,24806.95,40454.74,0.5114,36508.24,153601.93,0.0526,2330.32,-279.69,89.71
Product_1023,B,4903.94,9064.01,0.6273,14043.99,40192.63,0.0722,883.67,-343.43,88.49
Product_0021,B,5052.42,10451.17,0.5698,10427.27,36906.05,0.0642,706.6,-253.13,88.73
Product_0424,B,21533.1,37046.09,0.4974,29571.74,131331.65,0.0528,1856.38,-254.51,89.38
Product_1461,B,5265.75,4534.61,0.8411,56149.66,76009.37,0.1105,3750.69,-1576.21,86.86
Product_1299,B,6416.88,10658.58,0.639,19568.54,52908.58,0.0752,1320.56,-396.39,88.23
Product_1435,B,9402.23,14551.01,0.6321,27842.6,74869.62,0.0778,1961.48,-414.53,87.69
Product_1787,B,8229.75,15184.46,0.5708,17434.9,59664.83,0.0629,1215.35,-292.93,88.98
Product_1222,B,5034.42,10441.81,0.5701,10641.54,37075.08,0.066,726.25,-255.06,88.42
Product_0073,B,38350.99,44926.87,0.6576,129560.39,314843.07,0.0776,8801.43,-600.79,88.2
Product_1270,B,6411.31,14454.49,0.4866,8634.26,41551.89,0.0523,606.12,-187.47,89.25
Product_1624,B,42873.13,67278.81,0.4868,57056.42,253385.67,0.0537,3870.18,-276.62,88.97
Product_1312,B,4630.89,9830.27,0.5735,9868.84,34803.37,0.0663,666.18,-254.04,88.44
Product_0998,B,6506.94,9866.08,0.6767,25264.45,58816.6,0.0848,1790.33,-496.15,87.47
Product_1466,B,10182.33,12717.64,0.7107,45429.62,95756.44,0.0839,3225.72,-652.94,88.19
Product_1162,B,48333.33,75160.11,0.4722,61774.02,284292.96,0.0533,4123.47,-278.25,88.71
Product_1224,B,5368.74,11871.47,0.5282,9078.5,36795.0,0.0621,652.53,-209.94,88.24
Product_0374,B,9126.93,17193.84,0.5423,16745.85,62661.94,0.0584,1096.31,-264.44,89.23
Product_1047,B,23750.0,41599.49,0.4583,25677.78,133666.33,0.0485,1718.32,-221.32,89.42
Product_1048,B,58977.27,85914.11,0.4047,34510.37,242774.84,0.0292,1458.32,-182.58,92.78
Product_2042,B,49711.54,74066.15,0.4005,29433.81,207564.31,0.0311,1363.95,-180.24,92.23
Product_1147,B,30666.67,52855.62,0.4397,32101.12,169355.64,0.0468,2122.05,-220.41,89.36
Product_0098,B,31791.14,55778.45,0.4153,27578.25,167151.2,0.0401,1784.39,-199.67,90.34
Product_0387,B,8291.03,15796.97,0.5537,16541.33,59071.52,0.0642,1104.5,-273.94,88.41
Product_0012,B,4392.3,11055.73,0.4768,5488.01,28540.19,0.048,334.99,-158.15,89.93
Product_0031,B,2812.42,7398.18,0.5432,5082.35,20974.71,0.059,342.08,-183.51,89.14
Product_1256,B,10192.7,15979.19,0.6194,27873.8,78255.37,0.0742,1875.58,-389.73,88.02
Product_1153,B,26954.02,45868.39,0.4763,32713.78,156897.08,0.0515,2122.94,-242.06,89.19
Product_1812,B,26820.81,38575.15,0.5785,60817.4,189901.07,0.0697,4270.49,-392.29,87.95
Product_1766,B,5830.59,10458.43,0.6225,16089.12,46299.0,0.0776,1151.83,-342.7,87.53
Product_1348,B,10072.69,16024.27,0.6196,29100.09,80967.73,0.0744,2015.0,-405.28,87.99
Product_1455,B,4454.17,9994.98,0.5442,8431.88,31944.09,0.0656,602.78,-219.6,87.95
Product_1458,B,4253.33,10166.51,0.5205,6993.23,29948.88,0.058,484.75,-194.58,88.86
Product_0077,B,49011.11,72880.58,0.5141,80077.6,313887.0,0.0559,5157.36,-330.69,89.13
Product_1548,B,4930.27,8737.66,0.6466,15963.32,42518.88,0.0769,1075.39,-386.62,88.11
Product_1387,B,3172.32,8583.93,0.4994,4827.42,22278.43,0.0591,342.93,-159.54,88.17
Product_1407,B,15810.41,17493.79,0.7227,78147.27,151300.81,0.0921,5644.25,-764.88,87.26
Product_1493,B,3978.37,8714.03,0.5773,8580.7,30289.69,0.0653,593.54,-247.6,88.69
Product_1469,B,3000.14,7874.4,0.5232,4949.61,21304.11,0.06,347.56,-170.55,88.53
Product_0981,B,2936.95,5022.24,0.7165,13461.41,29199.12,0.0906,995.44,-481.4,87.36
Product_1165,B,32601.63,40216.94,0.6422,99502.25,255068.67,0.0751,6887.82,-534.23,88.31
Product_0016,B,3566.79,9860.93,0.4598,4069.86,22878.25,0.0468,256.77,-132.01,89.82
Product_1198,B,5903.7,12594.44,0.5335,10285.24,41105.84,0.0614,734.63,-226.38,88.49
Product_1991,B,3200.64,7381.62,0.5874,7370.55,25242.5,0.0666,476.8,-241.96,88.66
Product_1134,B,5355.34,9318.26,0.6447,16762.24,44721.49,0.0749,1178.48,-379.93,88.38
Product_1556,B,9188.24,18605.47,0.4995,13169.73,58932.11,0.0566,888.06,-216.75,88.67
Product_1380,B,4894.82,9863.09,0.5863,11452.66,38548.53,0.0639,760.02,-290.84,89.1
Product_1397,B,12242.81,24938.55,0.4155,9534.68,63646.87,0.0373,536.79,-155.21,91.02
Product_1163,B,20320.86,35068.0,0.4996,28052.28,125616.54,0.0508,1834.86,-258.21,89.83
Product_0984,B,2209.74,4910.4,0.6564,7234.49,19631.85,0.0776,485.58,-299.8,88.18
Product_0943,B,4354.27,10610.38,0.5007,6621.55,29795.22,0.0557,485.34,-180.81,88.88
Product_1404,B,6696.13,6156.62,0.8201,61897.15,89551.0,0.1072,4450.03,-1354.55,86.93
Product_1374,B,6742.54,13361.16,0.5552,12985.88,47739.77,0.0635,905.68,-257.3,88.56
Product_1372,B,4387.56,11068.12,0.4793,5619.13,28762.05,0.051,365.57,-159.86,89.36
Product_2043,B,31531.53,50686.42,0.4102,20096.04,136377.71,0.0334,968.48,-169.06,91.86
Product_1363,B,11672.35,23801.24,0.4377,11135.9,63926.28,0.0446,697.4,-168.58,89.81
Product_1402,B,2904.17,6674.2,0.6033,7228.17,23400.46,0.0699,506.04,-250.61,88.41
Product_0093,B,11166.94,20945.6,0.5171,17474.4,72502.94,0.0563,1192.37,-246.15,89.11
Product_1101,B,16475.73,28307.65,0.5229,26185.86,104750.51,0.0584,1833.41,-270.04,88.83
Product_0982,B,4574.62,5685.74,0.7707,30535.27,53582.9,0.0987,2033.65,-842.41,87.19
Product_1508,B,4731.53,6501.22,0.7345,24316.43,47913.53,0.0913,1689.53,-636.99,87.57
Product_1637,B,11870.5,21262.01,0.5385,20911.53,79165.24,0.0609,1468.75,-272.33,88.69
Product_1459,B,3578.36,9336.88,0.5025,5045.51,24379.29,0.0517,309.79,-161.11,89.71
Product_1154,B,5266.89,12908.84,0.4664,6368.27,33323.3,0.0523,442.91,-158.14,88.79
Product_1000,B,5211.66,5390.98,0.8051,42720.07,65671.16,0.1095,3046.57,-1118.17,86.4
Product_1399,B,7847.67,14710.83,0.5572,15183.6,55074.52,0.0602,948.1,-274.38,89.2
Product_1288,B,12333.33,23503.66,0.4853,16837.76,77249.24,0.0512,1053.73,-228.67,89.45
Product_1001,B,5735.9,8027.93,0.7162,26607.6,55871.46,0.0841,1740.64,-595.96,88.26
Product_2034,B,33085.11,56468.96,0.4257,28023.78,166436.75,0.0431,1683.75,-194.74,89.88
Product_1314,B,2193.52,6548.53,0.5218,3479.65,16179.63,0.0539,221.71,-147.07,89.67
Product_1571,B,19093.75,33579.72,0.4914,26251.82,116585.19,0.0557,1820.46,-247.19,88.67
Product_0018,B,2927.47,8435.38,0.4754,3605.74,19234.88,0.0556,227.6,-128.03,88.3
Product_1464,B,2223.99,5324.63,0.6287,6434.58,19212.82,0.0766,451.19,-260.83,87.82
Product_1997,B,3119.25,9030.43,0.461,3573.68,20380.01,0.0485,245.99,-125.68,89.48
Product_0408,B,2602.94,7716.24,0.4894,3407.0,17729.36,0.0511,208.74,-129.77,89.56
Product_0829,B,32808.99,56049.16,0.4178,26257.73,166322.85,0.0398,1570.01,-196.74,90.47
Product_1349,B,4633.17,10608.31,0.5276,7841.63,32572.13,0.0575,485.12,-207.04,89.1
Product_1969,B,2404.39,6693.33,0.5434,4383.84,17790.78,0.0648,306.4,-165.8,88.08
Product_0932,B,6652.87,14809.91,0.479,8404.04,41351.69,0.0516,558.05,-179.22,89.23
Product_0089,B,7439.79,14590.85,0.5463,13519.39,51437.66,0.0636,948.86,-252.53,88.36
Product_1401,B,2598.9,7397.69,0.5144,3982.59,18756.89,0.054,234.53,-153.55,89.5
Product_0407,B,2561.42,7612.71,0.4914,3461.73,17718.45,0.0534,236.89,-132.75,89.13
Product_0109,B,13142.86,26372.15,0.43,11672.73,70324.74,0.0411,664.97,-166.66,90.44
Product_1485,B,11191.84,23442.55,0.4252,9617.46,59841.87,0.0423,575.79,-155.27,90.05
Product_1343,B,21382.81,35653.8,0.5142,33270.37,134369.09,0.0559,2254.91,-276.87,89.13
Product_1243,B,5801.71,13083.97,0.5012,8269.17,38356.97,0.0503,524.0,-193.16,89.96
Product_1268,B,12156.95,18955.17,0.6024,29927.6,89899.98,0.0756,2245.65,-374.28,87.45
Product_0938,B,27602.04,48228.62,0.4536,30089.91,156797.74,0.0454,1912.7,-225.11,89.99
Product_0079,B,14562.16,24910.19,0.5381,26595.46,97808.32,0.062,1952.55,-292.64,88.48
Product_1392,B,1874.06,6492.65,0.4589,2163.33,12777.09,0.0481,147.58,-96.79,89.52
Product_1164,B,17366.67,32370.68,0.4545,18981.23,99828.29,0.0458,1212.3,-208.39,89.92
Product_0837,B,12097.16,24990.04,0.4066,9294.21,61848.02,0.042,525.86,-147.49,89.67
Product_1213,B,2141.62,6007.57,0.5592,4145.97,16366.15,0.0627,266.04,-172.43,88.79
Product_0202,B,1437.42,3781.11,0.6631,4803.86,13512.78,0.0807,339.36,-257.38,87.83
Product_1818,B,22318.18,37616.42,0.4942,30532.82,133165.96,0.0551,2182.92,-254.01,88.85
Product_1826,B,3101.27,6791.54,0.6154,8340.25,25091.95,0.0753,617.84,-269.46,87.76
Product_1438,B,8861.82,14545.82,0.6218,23949.17,69436.26,0.0706,1611.39,-377.36,88.65
Product_2044,B,20336.13,35137.36,0.4052,12282.24,88348.6,0.0336,527.76,-151.44,91.71
Product_1483,B,10330.47,19441.97,0.522,16633.8,68499.71,0.0547,1027.5,-252.33,89.52
Product_1460,B,7315.6,12373.84,0.6169,20075.56,57728.54,0.0723,1333.7,-366.54,88.28
Product_1429,B,1667.29,5116.37,0.5653,3463.04,13343.33,0.0658,255.64,-160.8,88.36
Product_2015,B,4886.36,11251.04,0.5182,8092.44,34329.97,0.0594,574.93,-205.13,88.54
Product_1354,B,8538.18,14982.51,0.5854,19254.61,62684.16,0.0645,1376.58,-318.38,88.98
Product_1344,B,2326.65,6577.82,0.5395,4175.1,17672.41,0.059,279.98,-168.67,89.06
Product_1266,B,5963.73,10531.32,0.6244,16985.56,47910.76,0.0747,1167.46,-354.94,88.04
Product_1221,B,15673.76,30303.08,0.4403,15304.13,87227.74,0.0438,952.72,-187.85,90.05
Product_1273,B,5722.8,11984.35,0.5498,10980.69,40356.62,0.0687,838.39,-236.74,87.5
Product_1215,B,12266.67,12712.68,0.7611,77749.25,134569.4,0.0984,5404.86,-958.54,87.07
Product_1578,B,24629.21,44793.33,0.407,19580.14,124589.94,0.0409,1172.9,-178.14,89.95
Product_1155,B,41037.74,66496.61,0.4539,44702.99,226420.11,0.0459,2660.31,-240.5,89.89
Product_1486,B,20628.57,36590.47,0.4709,24396.01,120901.54,0.0487,1563.94,-230.42,89.66
Product_1357,B,5560.21,11047.77,0.5719,11261.04,39927.34,0.063,728.03,-261.41,88.98
Product_0556,B,8099.24,14006.6,0.603,20046.37,61292.92,0.0683,1318.15,-337.6,88.67
Product_1967,B,4594.36,8595.25,0.6311,13893.74,38938.46,0.0763,1007.05,-353.02,87.91
Product_1244,B,4172.13,5013.77,0.787,30123.93,49512.35,0.1045,2199.85,-887.53,86.72
Product_0558,B,10383.66,7204.14,0.8546,127632.51,161796.37,0.1133,8550.85,-2145.88,86.74
Product_1398,B,7119.45,14971.64,0.5114,10449.95,45866.15,0.0543,694.17,-206.35,89.38
Product_1878,B,3441.97,3058.07,0.86,43775.85,56142.85,0.1174,3111.64,-1735.89,86.35
Product_0930,B,4980.63,12548.86,0.4582,5407.65,30606.75,0.048,354.84,-143.9,89.52
Product_0086,B,5877.14,13189.23,0.5074,8512.84,38744.01,0.0549,552.33,-193.75,89.18
Product_0420,B,8590.72,17935.32,0.4843,11183.06,53829.48,0.0528,754.03,-200.13,89.1
Product_1478,B,1387.91,5186.03,0.4941,1914.94,10304.73,0.0519,121.89,-98.7,89.5
Product_2004,B,2541.77,7804.22,0.4684,3133.27,17372.26,0.0513,200.58,-122.6,89.05
Product_0366,B,43565.22,64224.78,0.5273,72770.56,277039.38,0.0607,5242.66,-331.36,88.49
Product_1239,B,2064.79,6066.79,0.5464,3874.02,16090.5,0.0609,265.46,-165.22,88.85
Product_1846,B,4253.76,9149.23,0.5797,9174.72,31923.45,0.063,571.46,-248.92,89.13
Product_1351,B,8140.5,12421.29,0.6523,26861.81,67543.98,0.0804,1864.05,-443.78,87.67
Product_1419,B,1612.36,4474.94,0.6159,4415.23,14088.72,0.0751,316.78,-214.84,87.81
Product_0985,B,4807.92,4124.79,0.8453,53860.03,72036.2,0.1111,3632.16,-1646.42,86.86
Product_1424,B,1615.5,4574.72,0.6062,4046.49,13752.44,0.0683,264.91,-200.62,88.73
Product_1416,B,1562.22,4539.5,0.5994,3808.08,13086.34,0.0706,262.49,-188.28,88.22
Product_2033,B,21208.79,37292.66,0.4039,13764.19,95171.33,0.0353,618.5,-155.2,91.26
Product_1440,B,6494.95,13595.12,0.5281,11006.95,44321.41,0.058,769.53,-226.01,89.02
Product_0108,B,23703.7,41658.62,0.4504,26471.89,134200.16,0.0509,1895.96,-222.14,88.7
Product_2019,B,3217.15,5370.11,0.7157,14807.99,32126.14,0.0852,1019.22,-498.24,88.1
Product_1788,B,3925.31,8607.13,0.5807,8789.22,30174.45,0.0663,602.8,-250.57,88.58
Product_2035,B,14000.0,27882.18,0.4271,12141.85,75295.16,0.0402,683.16,-170.05,90.59
Product_1507,B,9989.42,14168.22,0.6677,36088.25,86531.78,0.0804,2589.64,-510.75,87.96
Product_0929,B,3573.86,9621.19,0.4754,4337.68,23237.69,0.0473,250.65,-141.53,90.05
Product_1835,B,9648.72,20837.01,0.4216,7767.11,51251.95,0.0375,401.27,-145.97,91.11
Product_1523,B,6448.28,13812.66,0.5175,10146.16,43297.56,0.0569,702.17,-213.46,89.0
Product_1345,B,4466.02,9945.85,0.5514,8337.71,31942.13,0.0632,578.01,-221.16,88.54
Product_0941,B,3519.16,9840.41,0.4563,3935.62,22821.21,0.0462,252.15,-131.91,89.88
Product_0357,B,5058.5,10800.7,0.5497,9533.0,36169.08,0.062,612.01,-234.88,88.72
Product_1346,B,4026.79,8835.73,0.5746,8601.45,30737.52,0.0655,593.1,-247.88,88.6
Product_1643,B,4660.88,8538.0,0.6371,14034.7,38564.91,0.0758,965.7,-351.69,88.1
Product_1552,B,24034.25,43100.51,0.4365,23374.46,128443.38,0.048,1470.36,-198.01,89.0
Product_0379,B,5950.7,12824.59,0.5238,10129.73,41002.74,0.063,769.66,-219.72,87.97
Product_0418,B,4951.91,10272.44,0.5691,10564.86,37243.07,0.0615,682.71,-262.55,89.19
Product_0427,B,4247.86,10111.79,0.5223,6995.75,29676.0,0.0598,481.56,-193.48,88.55
Product_1253,B,6404.18,12281.39,0.582,14363.3,48018.89,0.066,947.71,-290.99,88.66
Product_1437,B,5286.16,12915.08,0.4619,6346.33,33753.38,0.049,422.98,-161.35,89.39
Product_0935,B,2928.32,4876.66,0.7273,14780.5,30948.6,0.0885,1005.46,-534.63,87.83
Product_1289,B,2606.39,6948.14,0.5468,4796.55,19125.12,0.0645,327.38,-175.26,88.2
Product_1235,B,17531.91,32508.14,0.4554,19513.82,101145.95,0.0482,1286.17,-211.14,89.42
Product_0145,B,11791.37,24282.48,0.4267,10692.55,64034.27,0.0448,584.11,-163.71,89.5
Product_1376,B,7887.25,16917.39,0.4843,10274.68,49892.66,0.0513,653.07,-194.92,89.41
Product_1368,B,1670.76,3376.94,0.7251,8313.03,17883.98,0.0881,612.59,-429.59,87.85
Product_0422,B,3390.02,7589.04,0.5895,7917.03,26675.51,0.0656,551.37,-251.5,88.87
Product_0146,B,14216.22,28300.83,0.4177,11350.44,73345.27,0.0413,673.39,-159.16,90.11
Product_0937,B,3761.34,9591.29,0.5106,5651.98,25845.54,0.0572,383.11,-169.47,88.8
Product_0072,B,39100.0,65674.09,0.4333,36965.67,204861.42,0.0448,2265.63,-211.94,89.66
Product_2001,B,1364.0,4603.66,0.5552,2707.12,11234.31,0.0602,178.02,-144.03,89.16
Product_0036,B,2402.48,6931.51,0.521,3962.51,17613.96,0.0607,291.26,-154.11,88.35
Product_1573,B,15301.98,29785.94,0.452,17139.18,90473.2,0.0483,1113.84,-203.74,89.31
Product_1515,B,4797.52,11875.3,0.4752,5892.81,30500.09,0.0507,397.28,-156.84,89.33
Product_1400,B,6523.4,12835.38,0.5618,13512.91,47562.59,0.0668,935.6,-270.56,88.11
Product_1577,B,20952.05,39456.07,0.412,17066.11,109788.13,0.039,1004.46,-178.25,90.53
Product_1358,B,14233.64,25124.49,0.5261,23613.34,93782.45,0.0583,1638.38,-273.27,88.92
Product_1148,B,7692.31,16458.3,0.4902,10547.01,49492.68,0.0497,627.47,-200.72,89.86
Product_1427,B,1231.31,3853.01,0.6169,3312.61,10979.92,0.0746,240.57,-184.97,87.91
Product_1369,B,5077.97,13070.04,0.4244,4402.87,29049.56,0.0395,253.51,-122.26,90.69
Product_1603,B,12764.96,21217.88,0.5697,27710.5,91454.8,0.0645,1815.73,-331.03,88.68
Product_1371,B,2119.52,6135.0,0.5426,3905.49,15891.4,0.0661,267.72,-159.03,87.82
Product_1988,B,6901.87,14248.7,0.5279,11666.07,47820.92,0.0563,733.55,-235.62,89.34
Product_1841,C,7267.33,15211.47,0.5111,11047.55,47198.86,0.0594,803.13,-210.28,88.38
Product_1347,C,14184.47,25145.63,0.52,22750.85,90993.29,0.0601,1684.09,-261.87,88.44
Product_2032,C,16404.49,31900.72,0.426,14621.09,89210.11,0.0413,890.68,-179.65,90.31
Product_1280,C,5568.7,12522.71,0.5075,8382.06,37029.24,0.054,542.87,-195.7,89.36
Product_1420,C,1318.48,3957.64,0.6152,3692.5,11865.9,0.0753,264.98,-199.82,87.76
Product_2036,C,17901.23,34174.97,0.4118,14612.62,92331.82,0.0444,920.11,-170.17,89.22
Product_1167,C,21417.91,36993.07,0.486,27332.08,126351.04,0.0498,1738.92,-241.55,89.75
Product_0011,C,1491.78,4880.14,0.5546,2856.65,11767.76,0.0659,199.16,-141.14,88.12
Product_2046,C,11023.62,22301.82,0.4039,7032.61,51162.43,0.0344,359.62,-129.41,91.48
Product_0975,C,2238.36,5306.86,0.6351,6980.75,20166.29,0.0745,492.0,-280.0,88.27
Product_0020,C,1092.04,3933.41,0.5727,2357.84,9385.85,0.0648,162.17,-138.62,88.69
Product_0099,C,6523.58,14866.33,0.4738,7767.0,40007.49,0.0525,521.63,-169.11,88.92
Product_0942,C,1644.09,5124.97,0.5567,3244.2,13165.49,0.0624,219.41,-156.89,88.79
Product_1008,C,7376.34,12249.72,0.628,21440.7,59758.43,0.075,1463.67,-387.83,88.06
Product_1217,C,11073.77,21446.47,0.4972,15898.89,70954.65,0.0529,1024.62,-230.85,89.36
Product_1265,C,4720.28,10520.73,0.543,8624.73,33812.85,0.0604,598.89,-221.39,88.88
Product_0355,C,4125.77,10977.53,0.4528,4340.21,25322.0,0.046,281.9,-130.67,89.84
Product_1539,C,1350.15,4404.91,0.581,3025.76,11310.82,0.0709,223.38,-156.78,87.8
Product_1467,C,4454.85,12029.78,0.4116,3461.68,24809.09,0.0393,190.41,-106.23,90.45
Product_1362,C,10157.48,21079.65,0.3971,6323.58,46748.74,0.0365,322.5,-121.77,90.81
Product_0178,C,1511.94,3954.38,0.6553,4833.07,14069.12,0.071,290.67,-255.79,89.17
Product_0677,C,1435.63,2982.17,0.7348,7401.32,15752.53,0.0879,480.93,-428.22,88.04
Product_1409,C,2482.64,7447.1,0.4887,3215.09,17130.45,0.0486,208.54,-130.03,90.06
Product_1220,C,17361.11,33082.94,0.3987,12304.73,85517.71,0.0373,717.9,-158.49,90.64
Product_1436,C,3335.16,8982.13,0.4952,4659.92,22572.74,0.0532,299.02,-151.31,89.26
Product_0215,C,1156.67,3735.77,0.6185,3031.9,10437.09,0.0687,212.75,-179.38,88.89
Product_0376,C,8940.74,18029.47,0.4978,12644.13,56261.1,0.0554,806.92,-212.05,88.87
Product_2010,C,1141.67,4552.23,0.5059,1672.13,8754.97,0.0536,110.07,-92.32,89.41
Product_0096,C,11572.12,21929.96,0.5049,17309.03,73913.1,0.0593,1201.53,-237.04,88.26
Product_0074,C,6025.51,11806.88,0.5785,12895.69,44852.06,0.064,815.09,-279.88,88.94
Product_2045,C,10727.27,22464.13,0.3944,6690.77,51415.11,0.0307,313.43,-128.88,92.22
Product_0206,C,956.01,3100.71,0.6459,3091.45,9295.81,0.0795,221.22,-199.8,87.69
Product_0191,C,1520.16,5167.47,0.5289,2677.07,12054.35,0.0585,180.94,-133.27,88.94
Product_1391,C,1304.12,3525.4,0.6656,4518.34,12515.45,0.0805,320.38,-255.01,87.91
Product_1423,C,1360.65,4760.44,0.5361,2402.21,10698.03,0.0606,163.55,-124.73,88.7
Product_1601,C,4194.24,10748.7,0.484,5456.56,27782.22,0.0515,363.09,-158.47,89.36
Product_0990,C,26161.36,28176.17,0.7047,115113.54,235539.74,0.0881,7930.85,-735.95,87.5
Product_1297,C,1819.87,5719.62,0.5352,3307.44,14054.94,0.0631,230.14,-145.73,88.21
Product_2047,C,10125.0,20837.85,0.4061,6089.34,46362.25,0.0283,225.28,-122.49,93.03
Product_1284,C,1453.13,3506.13,0.6921,5760.74,14425.77,0.0792,396.26,-311.44,88.56
Product_1833,C,5911.76,14373.3,0.435,5632.79,34228.53,0.0442,349.07,-138.14,89.84
Product_1906,C,4673.73,8829.41,0.6284,13420.97,38474.87,0.0736,944.86,-335.76,88.29
Product_0214,C,1086.89,3689.66,0.6051,2681.25,9518.16,0.0686,179.12,-157.97,88.66
Product_1977,C,4189.92,11125.04,0.4463,4289.77,25604.68,0.0449,251.23,-130.15,89.94
Product_0973,C,940.23,2825.39,0.6762,3632.36,9635.24,0.0855,264.78,-241.02,87.36
Product_1518,C,1559.04,3798.32,0.6765,5857.03,15371.01,0.0764,376.76,-304.68,88.71
Product_1981,C,1315.5,4840.78,0.5146,2091.66,10208.73,0.0594,148.39,-110.89,88.46
Product_1905,C,3080.64,8201.03,0.5149,4724.07,21502.84,0.0564,312.51,-162.2,89.05
Product_1454,C,1488.34,4913.23,0.5518,2871.0,11912.01,0.063,197.27,-142.45,88.58
Product_1765,C,1365.59,4421.46,0.5795,2970.61,11440.77,0.0635,192.96,-158.76,89.04
Product_2027,C,1170.87,3793.65,0.6083,3022.43,10468.82,0.068,202.69,-175.96,88.82
Product_0100,C,10473.96,16861.29,0.6132,28074.23,80971.67,0.0721,1871.2,-380.22,88.24
Product_2006,C,1339.97,4298.59,0.5862,3054.99,11246.43,0.0695,208.77,-161.63,88.14
Product_0831,C,5000.0,12019.85,0.4856,6733.25,32905.44,0.0514,421.15,-173.76,89.42
Product_1271,C,4427.93,10147.56,0.5325,7606.16,31146.06,0.0559,490.24,-206.93,89.5
Product_0025,C,1068.77,4475.12,0.4931,1462.02,8214.97,0.05,86.01,-83.57,89.86
Product_1629,C,1568.8,4212.81,0.6334,4741.57,14327.7,0.0715,322.96,-240.1,88.71
Product_0479,C,5914.55,11881.15,0.5683,11858.62,42899.53,0.0649,817.63,-261.07,88.58
Product_0413,C,4052.08,9616.84,0.5283,6807.24,28182.66,0.0607,507.4,-193.06,88.51
Product_1845,C,13253.42,25683.58,0.4679,15339.62,77197.03,0.05,1047.41,-200.57,89.31
Product_1519,C,1331.63,3951.33,0.6222,3796.53,12066.48,0.0691,252.49,-205.38,88.89
Product_1489,C,9826.53,19526.79,0.5006,14293.69,63738.98,0.0548,999.21,-226.42,89.05
Product_1472,C,3448.91,8178.58,0.5597,6831.72,25782.92,0.0615,479.72,-215.25,89.01
Product_1481,C,2943.57,8060.27,0.5097,4551.16,20856.07,0.0571,305.37,-158.75,88.8
Product_1832,C,9454.55,19939.99,0.4596,10787.29,56328.36,0.0456,681.2,-182.49,90.08
Product_1240,C,2089.24,5541.04,0.5872,4957.79,17121.46,0.0682,339.63,-208.99,88.39
Product_1740,C,2828.75,8260.54,0.4772,3535.32,19159.15,0.0499,209.4,-131.94,89.54
Product_1276,C,1012.95,4090.17,0.5251,1737.37,8230.93,0.0599,125.35,-101.24,88.59
Product_0415,C,3561.24,8951.88,0.5209,5975.56,25567.92,0.061,424.21,-185.62,88.29
Product_1408,C,3864.98,6923.82,0.6702,13765.91,34134.88,0.085,1014.3,-393.01,87.32
Product_1309,C,1356.91,2804.56,0.7447,7378.46,15055.03,0.0974,526.74,-436.81,86.92
Product_0368,C,4259.35,9225.61,0.5718,9167.3,32202.26,0.0664,614.6,-249.05,88.39
Product_0200,C,577.8,2210.16,0.679,2213.02,6287.87,0.0842,151.58,-184.5,87.6
Product_0062,C,3706.94,9407.9,0.5157,5780.8,26070.2,0.058,394.67,-177.11,88.75
Product_1582,C,4742.11,11889.35,0.4738,5717.97,30005.25,0.0514,388.78,-152.37,89.15
Product_1078,C,4408.73,8947.26,0.603,11083.2,34531.15,0.0741,774.71,-285.94,87.71
Product_1648,C,2281.73,6906.8,0.5004,3341.7,16174.13,0.0544,229.29,-134.18,89.13
Product_1580,C,1731.41,3987.28,0.6783,6474.08,16543.14,0.084,457.33,-314.9,87.62
Product_1541,C,1116.69,3243.63,0.6588,3908.09,10955.16,0.0823,283.52,-237.74,87.51
Product_1540,C,1296.23,4971.46,0.4909,1820.83,9779.11,0.0527,121.06,-96.7,89.26
Product_2048,C,10856.1,22124.25,0.403,6909.27,50456.19,0.0328,308.09,-128.06,91.86
Product_1296,C,5109.2,13170.87,0.429,4680.65,29952.99,0.0449,289.15,-127.42,89.53
Product_1572,C,9543.48,20116.22,0.4519,9862.66,54818.64,0.0489,685.25,-172.51,89.18
Product_1422,C,1313.25,4643.46,0.5391,2349.98,10422.82,0.0612,162.78,-124.46,88.65
Product_1433,C,9863.64,21206.49,0.4256,8773.7,53669.69,0.0454,560.61,-153.08,89.33
Product_1501,C,1780.73,5137.39,0.5789,3969.45,14611.8,0.0654,263.75,-184.42,88.7
Product_1304,C,1104.58,3221.77,0.6638,3766.6,10671.96,0.0772,267.54,-231.24,88.37
Product_1017,C,766.42,2709.99,0.6535,2613.3,7745.6,0.0801,196.66,-185.82,87.74
Product_1383,C,1310.76,4384.3,0.5705,2757.55,10870.29,0.0643,185.45,-147.94,88.73
Product_1367,C,1097.59,4858.2,0.4418,1153.52,7951.29,0.0451,75.23,-63.67,89.79
Product_0401,C,7695.24,17203.77,0.4468,7878.21,44825.47,0.0459,489.58,-160.56,89.73
Product_0095,C,3060.34,8532.02,0.4909,4083.38,20576.98,0.0549,283.25,-141.17,88.82
Product_0557,C,4774.1,7840.7,0.6792,17624.18,42313.69,0.0829,1295.84,-439.67,87.79
Product_1298,C,1768.08,4422.84,0.6503,5445.93,15995.61,0.0748,370.82,-261.66,88.5
Product_1285,C,4056.41,7713.17,0.6385,12323.04,34297.85,0.0767,830.23,-344.67,87.99
Product_0425,C,1648.64,5611.62,0.5026,2451.11,12184.05,0.054,169.65,-117.12,89.26
Product_1421,C,1177.66,4244.98,0.5563,2311.11,9807.34,0.0637,153.38,-131.03,88.55
Product_1379,C,5460.99,13660.93,0.4353,5293.39,32385.51,0.0444,342.69,-137.07,89.8
Product_2138,C,456.9,1969.52,0.6806,1748.53,5030.92,0.0853,120.79,-155.44,87.47
Product_1007,C,1700.9,3900.04,0.6814,6663.92,16760.99,0.0807,467.78,-329.76,88.16
Product_0832,C,3785.0,9941.17,0.4842,4976.11,25124.13,0.0506,318.22,-152.73,89.55
Product_1468,C,2688.17,8153.66,0.4615,3115.86,17540.92,0.0523,209.28,-115.13,88.67
Product_0996,C,6391.45,13488.03,0.5178,10257.05,43326.87,0.0553,692.28,-221.22,89.32
Product_1564,C,4545.12,9251.69,0.5944,11088.04,35332.93,0.0691,784.32,-281.91,88.37
Product_1568,C,8408.05,17599.94,0.4891,11474.98,53695.04,0.0543,754.66,-205.09,88.9
Product_0877,C,6652.57,10820.07,0.6489,21135.32,54132.92,0.0804,1532.59,-400.3,87.61
Product_1495,C,1017.44,3786.89,0.5718,2186.7,8787.23,0.0665,148.09,-132.04,88.37
Product_1820,C,7058.82,11945.12,0.6179,19390.2,56165.43,0.0693,1345.88,-370.2,88.78
Product_1219,C,2342.11,7264.31,0.4839,3007.62,16151.75,0.0508,203.26,-122.34,89.5
Product_1482,C,2679.25,7930.08,0.4753,3309.5,17765.57,0.0497,207.35,-124.03,89.54
Product_1302,C,5283.58,9991.06,0.6074,13402.06,41380.22,0.0711,920.94,-314.17,88.29
Product_1275,C,995.57,4275.45,0.4919,1403.2,7725.57,0.0545,91.06,-80.7,88.92
Product_1373,C,2876.03,6536.41,0.6087,7279.26,23536.28,0.0681,476.85,-260.08,88.81
Product_1510,C,5688.52,12456.59,0.5221,9278.64,38551.61,0.0616,685.23,-209.49,88.2
Product_1209,C,1095.84,4003.08,0.5595,2228.02,9169.11,0.0669,143.9,-129.05,88.04
Product_0976,C,1145.98,3241.77,0.6692,4142.02,11278.65,0.081,304.09,-247.92,87.9
Product_1173,C,11525.42,22808.04,0.4721,13583.58,67707.84,0.0502,906.35,-196.86,89.37
Product_0928,C,3340.0,9425.08,0.4608,3831.97,21728.71,0.0467,229.89,-130.54,89.87
Product_1653,C,1085.67,4618.01,0.4803,1343.57,8095.83,0.0514,85.0,-75.31,89.3
Product_0385,C,3238.81,7706.98,0.5687,6758.07,24431.9,0.0677,471.74,-217.01,88.1
Product_1999,C,2296.82,7363.26,0.462,2567.0,15127.86,0.0491,149.9,-105.45,89.37
Product_0552,C,3705.71,6359.98,0.6899,14370.26,34103.04,0.0819,996.06,-436.21,88.13
Product_1811,C,20806.45,33639.18,0.5428,38371.23,140848.53,0.0601,2659.17,-318.7,88.93
Product_1492,C,974.89,4236.05,0.4951,1372.63,7650.22,0.0534,85.21,-80.6,89.21
Product_0962,C,7047.25,11387.51,0.6429,22020.39,58202.64,0.0795,1577.39,-411.11,87.63
Product_1366,C,21133.33,32660.06,0.5626,42443.57,145000.75,0.0638,2945.04,-343.97,88.66
Product_0997,C,5002.4,9071.53,0.6392,15897.19,42389.23,0.0793,1158.84,-367.28,87.59
Product_1505,C,3182.4,7584.98,0.5711,6923.39,24503.77,0.0692,495.93,-223.06,87.88
Product_1199,C,4319.44,11658.32,0.4369,4321.96,26656.08,0.0462,269.74,-128.64,89.43
Product_1249,C,2005.16,1786.38,0.8812,31132.38,37709.33,0.1193,2119.15,-2010.94,86.46
Product_1272,C,3288.77,9414.19,0.4527,3591.07,21243.48,0.0472,207.55,-125.65,89.57
Product_0356,C,2688.6,8328.35,0.4505,2809.9,17459.34,0.0434,166.34,-109.64,90.37
Product_1211,C,11314.81,23581.89,0.4242,10161.31,62516.37,0.0418,594.73,-165.1,90.15
Product_0193,C,1069.04,3643.3,0.6055,2665.5,9492.34,0.0692,171.92,-160.54,88.57
Product_1385,C,963.1,1755.28,0.8094,8183.83,13213.95,0.1113,597.44,-652.81,86.25
Product_1005,C,4638.46,10048.92,0.5603,9658.4,34670.26,0.0659,688.37,-245.01,88.24
Product_1784,C,4407.41,8745.93,0.6065,11270.79,35208.98,0.0693,761.81,-302.58,88.57
Product_1593,C,2262.36,7466.34,0.4496,2416.06,15249.99,0.0425,131.38,-104.25,90.55
Product_1813,C,4648.44,10488.51,0.5382,8121.23,32818.77,0.0596,517.81,-212.9,88.93
Product_0034,C,766.28,3607.7,0.5136,1168.69,6220.36,0.0569,80.31,-72.42,88.92
Product_2132,C,426.55,2145.84,0.6347,1282.09,4477.2,0.078,90.59,-108.65,87.71
Product_1030,C,1159.53,3691.33,0.6141,3260.8,10587.55,0.0788,258.69,-186.82,87.17
Product_1628,C,4154.93,8604.14,0.5939,10161.97,32910.14,0.0673,695.24,-282.49,88.67
Product_0017,C,824.62,3916.25,0.4874,1092.97,6463.95,0.0515,71.69,-65.05,89.43
Product_1002,C,8641.18,10899.07,0.7232,42937.98,86505.6,0.0872,2873.7,-693.7,87.94
Product_1210,C,5288.29,13457.83,0.4321,4967.49,31137.05,0.0431,315.54,-131.37,90.03
Product_1623,C,2115.52,7234.15,0.4338,2007.87,13471.08,0.0449,132.27,-86.22,89.65
Product_1236,C,1473.05,4605.0,0.5838,3354.05,12370.54,0.0701,252.28,-168.63,87.99
Product_1447,C,1885.25,6749.49,0.4393,1841.07,12397.05,0.0459,118.26,-83.67,89.55
Product_1980,C,8426.47,16964.96,0.5086,12848.82,54600.39,0.0595,900.92,-221.84,88.3
Product_1631,C,4379.84,11213.18,0.4679,5178.51,28285.86,0.0467,341.88,-152.26,90.02
Product_1533,C,6116.3,13981.11,0.4871,8064.23,39714.74,0.0499,564.05,-184.06,89.76
Product_0019,C,718.17,3381.57,0.5301,1215.51,6077.21,0.0568,79.51,-79.72,89.29
Product_1966,C,718.32,3345.68,0.543,1283.95,6193.68,0.0614,92.04,-85.12,88.69
Product_0225,C,547.42,2059.66,0.6954,2278.91,6138.35,0.0855,158.85,-198.03,87.7
Product_1635,C,1211.21,4469.13,0.5384,2165.12,9750.75,0.0622,140.41,-118.18,88.45
Product_0553,C,3233.53,6248.93,0.6615,11433.17,29519.46,0.0785,821.64,-372.39,88.13
Product_1352,C,2640.39,7647.55,0.5003,3696.21,18234.26,0.0525,237.44,-138.43,89.51
Product_1831,C,2576.92,8049.56,0.456,2904.86,17015.71,0.0481,189.97,-111.39,89.45
Product_0209,C,709.06,2827.39,0.6228,1983.54,6879.02,0.075,133.86,-143.3,87.96
Product_1819,C,6063.22,14990.45,0.417,5087.35,33828.15,0.0404,306.86,-125.66,90.31
Product_1104,C,965.81,2880.63,0.6746,3691.0,9941.6,0.08,259.05,-245.12,88.14
Product_0080,C,1397.33,4299.82,0.5935,3381.15,11962.65,0.0692,224.53,-178.21,88.34
Product_1308,C,737.15,3309.04,0.5538,1414.38,6384.73,0.0615,94.29,-92.95,88.89
Product_1972,C,1943.61,6777.92,0.446,2032.66,12799.01,0.0468,125.89,-88.83,89.51
Product_1838,C,6204.82,15143.94,0.4223,5375.47,34964.0,0.0448,341.67,-130.88,89.39
Product_0398,C,9160.71,20150.17,0.4111,7323.58,48396.35,0.0413,463.11,-140.18,89.95
Product_0126,C,3605.63,9715.39,0.4783,4693.09,24191.37,0.0533,311.71,-149.0,88.86
Product_1652,C,5171.72,12796.35,0.4584,5575.96,31659.49,0.0446,363.03,-147.41,90.27
Product_1503,C,2232.53,6951.83,0.4881,2915.22,15280.83,0.0516,196.18,-119.81,89.43
Product_0008,C,1818.35,6476.39,0.4517,1876.98,12008.98,0.0448,119.92,-85.43,90.08
Product_0013,C,816.18,2749.67,0.6625,2780.77,8165.92,0.0796,189.51,-196.98,87.98
Product_1641,C,3960.63,9879.85,0.5021,5962.95,27431.32,0.054,394.19,-177.65,89.25
Product_0035,C,829.54,3277.4,0.5922,1946.08,7540.89,0.0668,133.68,-130.09,88.72
Product_1227,C,1949.42,6813.5,0.4406,1959.82,12711.27,0.0457,115.15,-86.56,89.63
Product_0390,C,4407.08,11407.16,0.458,5165.36,28114.04,0.0497,355.53,-146.46,89.15
Product_1509,C,778.14,2956.69,0.6193,2225.01,7435.9,0.0781,171.73,-151.49,87.39
Product_1744,C,3557.97,9730.14,0.4666,4239.9,23265.7,0.0484,271.98,-139.11,89.63
Product_1414,C,2034.85,4978.99,0.6298,6088.59,17976.0,0.0728,403.96,-261.04,88.44
Product_0014,C,2400.99,7900.3,0.4299,2203.08,14940.34,0.045,141.1,-89.11,89.53
Product_1992,C,761.32,3532.72,0.5253,1256.97,6448.09,0.0549,79.11,-82.52,89.55
Product_1528,C,5041.67,11017.78,0.5403,9110.51,36253.77,0.0589,612.68,-229.05,89.1
Product_1733,C,1934.0,6383.47,0.4863,2639.25,13729.67,0.0539,187.61,-115.08,88.92
Product_2011,C,1226.4,4113.64,0.5847,2767.07,10507.24,0.0648,182.06,-155.42,88.92
Product_0288,C,396.72,2154.89,0.621,1083.35,4097.73,0.0755,80.64,-90.16,87.84
Product_1232,C,2583.78,8075.59,0.4496,2622.08,16433.28,0.0461,167.1,-103.49,89.75
Product_0940,C,675.39,3077.21,0.5694,1405.2,6003.08,0.0695,101.66,-95.08,87.79
Product_1527,C,2689.27,7783.94,0.4914,3673.25,18510.99,0.0528,242.09,-137.81,89.26
Product_1821,C,5397.73,12912.48,0.4743,6797.08,34402.62,0.0504,428.93,-166.43,89.37
Product_2008,C,1623.29,6029.91,0.4559,1827.42,11363.22,0.0474,123.8,-88.45,89.6
Product_0024,C,3354.61,8112.74,0.5559,6646.97,25293.79,0.0631,466.58,-211.78,88.65
Product_1636,C,820.0,3248.67,0.5929,1946.52,7395.11,0.068,133.28,-127.63,88.53
Product_1973,C,876.02,3665.3,0.5449,1630.11,7470.1,0.0608,108.93,-103.81,88.84
Product_1190,C,6121.71,14926.37,0.432,5915.17,36463.14,0.0447,373.73,-144.29,89.65
Product_0995,C,1038.59,1583.7,0.8348,10882.82,15978.36,0.1118,741.93,-908.93,86.61
Product_0001,C,900.2,3834.03,0.5255,1568.17,7480.38,0.0611,108.39,-95.1,88.37
Product_0845,C,733.44,2426.18,0.6866,2909.67,7793.64,0.0866,208.8,-221.23,87.39
Product_0123,C,503.5,2556.12,0.5902,1163.63,4786.3,0.0692,83.34,-87.25,88.28
Product_0478,C,1980.44,5902.3,0.5408,3626.64,15239.58,0.0629,232.5,-158.2,88.37
Product_0107,C,4663.16,11283.26,0.492,6162.54,29710.06,0.0545,402.18,-163.31,88.92
Product_0038,C,3202.9,7598.87,0.5682,6937.59,24628.06,0.0673,474.77,-224.1,88.16
Product_0081,C,1690.42,5725.21,0.5075,2471.56,12438.04,0.0539,155.41,-117.25,89.38
Product_1587,C,1772.18,6275.29,0.465,2110.83,12295.14,0.0499,140.13,-95.93,89.27
Product_1106,C,904.54,3459.16,0.5873,2100.44,8028.51,0.0667,133.71,-132.09,88.64
Product_1184,C,7253.33,11471.06,0.6505,23234.94,59717.14,0.0762,1585.9,-420.59,88.29
Product_1443,C,1920.35,5865.63,0.5366,3437.36,14741.7,0.0619,230.31,-151.32,88.46
Product_1560,C,847.27,3781.85,0.5218,1303.56,6821.77,0.0559,80.19,-80.38,89.29
Product_0213,C,538.66,2367.49,0.6419,1640.44,5635.9,0.0682,103.32,-138.05,89.38
Product_0194,C,1227.38,4941.98,0.4793,1576.18,9146.38,0.0543,105.53,-85.08,88.67
Product_0958,C,3537.82,8605.11,0.5431,6535.41,26091.52,0.0621,456.06,-203.21,88.57
Product_1522,C,3360.0,7183.31,0.6177,9522.66,28119.32,0.0737,696.94,-291.45,88.07
Product_0989,C,727.73,2987.86,0.6048,1815.69,6737.28,0.0688,123.37,-125.49,88.62
