Date,Actual,lstm_forecast
2016-01-17,1377000,1.7987215e+06
2016-01-24,1767000,1.7991778e+06
2016-01-31,2072000,1.7913425e+06
2016-02-07,2085000,1.7754729e+06
2016-02-14,1906000,1.7602906e+06
2016-02-21,1386000,1.7527868e+06
2016-02-28,1373000,1.7617734e+06
2016-03-06,2532000,1.7739052e+06
2016-03-13,1256000,1.7562082e+06
2016-03-20,2133000,1.7654622e+06
2016-03-27,1316000,1.7580322e+06
2016-04-03,1048000,1.7681686e+06
2016-04-10,2699000,1.7872639e+06
2016-04-17,1258000,1.7645655e+06
2016-04-24,1160000,1.770768e+06
2016-05-01,941000,1.7851559e+06
2016-05-08,411000,1.8047596e+06
2016-05-15,2387000,1.8349332e+06
2016-05-22,859000,1.8131406e+06
2016-05-29,2494000,1.8193454e+06
2016-06-05,1634000,1.7904846e+06
2016-06-12,2736000,1.779896e+06
2016-06-19,1375000,1.7486796e+06
2016-06-26,1615000,1.7524089e+06
2016-07-03,1913000,1.7586208e+06
2016-07-10,2316000,1.7576275e+06
2016-07-17,1041000,1.7450372e+06
2016-07-24,1563000,1.763035e+06
2016-07-31,1488000,1.7726614e+06
2016-08-07,1945000,1.7804158e+06
2016-08-14,444000,1.7746108e+06
2016-08-21,1530000,1.8030405e+06
2016-08-28,2193000,1.80813e+06
2016-09-04,1545000,1.7899151e+06
2016-09-11,1584000,1.7846091e+06
2016-09-18,1650000,1.7825289e+06
2016-09-25,872000,1.7804191e+06
2016-10-02,2131000,1.7979562e+06
2016-10-09,1614000,1.7862769e+06
2016-10-16,3038000,1.7821022e+06
2016-10-23,1605000,1.7451261e+06
2016-10-30,1062000,1.7425555e+06
2016-11-06,2872000,1.7625355e+06
2016-11-13,2543000,1.7408138e+06
2016-11-20,1493000,1.72085e+06
2016-11-27,1081000,1.7304888e+06
