Date,Actual,sarima_forecast
2016-01-10,2123000,2136103.2136040884
2016-01-17,1377000,2596502.0289496444
2016-01-24,1767000,2076874.503006978
2016-01-31,2072000,2420896.446727478
2016-02-07,2085000,2484357.402215646
2016-02-14,1906000,1425518.481528525
2016-02-21,1386000,1714211.6409775424
2016-02-28,1373000,1715090.1298741018
2016-03-06,2532000,2456387.843698796
2016-03-13,1256000,1817697.769517413
2016-03-20,2133000,1900406.5885007237
2016-03-27,1316000,1903374.5878443161
2016-04-03,1048000,2094369.283244708
2016-04-10,2699000,1926800.613386971
2016-04-17,1258000,1911234.961249778
2016-04-24,1160000,1903887.3482389888
2016-05-01,941000,1760272.1742404788
2016-05-08,411000,1673231.922700339
2016-05-15,2387000,1955687.830202803
2016-05-22,859000,2170161.528138521
2016-05-29,2494000,1866017.3077206146
2016-06-05,1634000,1994366.7188852574
2016-06-12,2736000,1684406.882901405
2016-06-19,1375000,1514157.2136940667
2016-06-26,1615000,2232087.9392140033
2016-07-03,1913000,2251050.421763357
2016-07-10,2316000,1426871.681030895
2016-07-17,1041000,1838700.3720648787
2016-07-24,1563000,1791081.7164513806
2016-07-31,1488000,2461935.7545700804
2016-08-07,1945000,2188420.3843741803
2016-08-14,444000,662749.252013318
2016-08-21,1530000,1853611.6782662102
2016-08-28,2193000,1798264.7911070623
2016-09-04,1545000,2409933.05849104
2016-09-11,1584000,1783166.3628039272
2016-09-18,1650000,1908328.3340152036
2016-09-25,872000,1269054.5502056954
2016-10-02,2131000,2308918.4063273133
2016-10-09,1614000,2344297.132405787
2016-10-16,3038000,1503231.4049576498
2016-10-23,1605000,1987949.1183551473
2016-10-30,1062000,2418807.122542594
2016-11-06,2872000,1939485.1423963916
2016-11-13,2543000,1943522.9832549777
2016-11-20,1493000,2359970.801202269
2016-11-27,1081000,1839178.8832685477
2016-12-04,1820000,1965022.878782194
2016-12-11,1644000,2007485.7478851366
2016-12-18,1717000,2184821.8116940414
2016-12-25,1189000,1318887.790942362
2017-01-01,516000,669734.1738581406
2017-01-08,100000,2412797.6364497924
